id;reason;date_blocked
1;vacation truthfully;2026-03-31
2;huff furthermore;2026-03-31
3;cruel;2026-03-31
4;clearly;2026-03-30
5;validity round of;2026-03-31
6;babyish mainstream anaesthetise;2026-03-31
7;given versus;2026-03-31
8;overload;2026-03-30
9;viciously;2026-03-31
10;pfft swath at;2026-03-30
11;phooey lovingly bouncy;2026-03-30
12;nifty consequently;2026-03-30
13;vastly indelible;2026-03-31
14;shrilly ugly across;2026-03-31
15;apropos badly;2026-03-30
16;weakly gulp armoire;2026-03-31
17;deployment loosely;2026-03-30
18;confusion reflate minus;2026-03-31
19;deplore;2026-03-31
20;mortally;2026-03-30
21;neatly regarding dreamily;2026-03-31
22;overburden unlined those;2026-03-31
23;statue pull thankfully;2026-03-31
24;plastic defiantly unfortunately;2026-03-30
25;delightfully before;2026-03-31
26;drat;2026-03-31
27;through defiantly;2026-03-31
28;nearly welcome substantiate;2026-03-30
29;hence whether reclassify;2026-03-31
30;subexpression per;2026-03-30
