id;label;value;description
1;circa;reassuringly upliftingly brr;brr wavy
2;provided;for lack;those clearly scornful
3;marimba;willfully;because
4;geez;youthful hence fraudster;whether
5;when;quarterly;over
6;instead;bleach yet;but above sturdy
7;indeed gently onto;sour greedily;inside smoothly by
8;bestride ugh barring;from slope physically;hm interchange
9;profane;worriedly;of abaft thoughtfully
10;lest;circa orient pack;handsome how that
11;which primary;indeed;along simple apricot
12;conservation less;trained reiterate aboard;ashamed middle
13;colorfully;searchingly worth management;forenenst best-seller
14;worldly atop fooey;animated;softly
15;times vet modulo;sunny since;considering same underneath
16;till oxidise;an;circa
17;acclaimed frenetically;terribly unconscious frankly;ack youthfully
18;doubtfully;blah;blah regularly
19;filter proceed;christen;multicolored slink certainly
20;yowza qua pale;ouch snuggle;once foot
21;frantically showboat;whoa round clearly;utter badly
22;finally from;hoarse possession a;busily
23;eek;character finally;permafrost
24;wound except ew;yum;plus seemingly
25;popularize and;mmm lined;well-documented
26;yahoo and;an;crowded blushing
27;materialise;serenade airline video;up armchair
28;fast spattering;vein;furthermore that
29;oh;down unto;across confirm
30;aw;athwart;loosely tabletop vice
