id;name;description;path;type
1;for verbally essence;mmm;cemetery forenenst until;FILE
2;what these big;so where;hunger sadly over;FILE
3;seldom ick;from;hmph;IMAGE
4;barring barring;majestic delightfully;faithfully yieldingly sweatshop;FILE
5;messy;edge if off;astonishing;FILE
6;quickly finer;or;vamoose once;IMAGE
7;mould;regarding;vista majestically per;IMAGE
8;outrageous;opposite;chiffonier;IMAGE
9;yahoo once slowly;grok;reluctantly but hamburger;FILE
10;finally now;within;inside ick amend;IMAGE
11;but;phooey small ferociously;entomb;IMAGE
12;harmful;aside ferociously wherever;what toward physically;FILE
13;alert;absentmindedly mooch volunteer;if in;FILE
14;hundred lumpy;intend so;aside jumbo safe;IMAGE
15;than trim;midst hastily information;before boohoo;IMAGE
16;sociable save;unbearably provided for;between powerfully and;IMAGE
17;ouch;however;humiliating;IMAGE
18;steel mid;incidentally;flickering;FILE
19;annually worth;helpfully;yowza joy stoop;FILE
20;membership when impassioned;state;afraid woot willfully;IMAGE
21;barring;phew;equally tinted that;FILE
22;circa whether;while;sarcastic huddle;IMAGE
23;for furthermore often;overtrain;safe;IMAGE
24;outgoing a;if accelerator;gummy fantastic;FILE
25;afraid failing gnash;consequently unexpectedly;clamour apud;FILE
26;lest unearth;aw;pink blah psst;IMAGE
27;although finding expansion;while or;anti modulo hungrily;IMAGE
28;incidentally;easily;plus unless finger;IMAGE
29;until weird unto;rotating;notwithstanding;FILE
30;substantial book inasmuch;at;consequently;IMAGE
