id;message
1;piglet international
2;skeletal
3;shell who
4;alb
5;immediately
6;indeed yuck effector
7;judgementally meal
8;ouch
9;ultimately
10;shadowy suffice
11;inasmuch shakily event
12;rule
13;exhausted
14;often soybean next
15;rout fatally best
16;besides whereas above
17;um
18;since given
19;blah
20;insecure tremendously
21;commemorate evenly
22;sizzling instead gee
23;nudge switch barring
24;within ha mmm
25;when
26;to
27;throughout
28;whoa
29;label admired excluding
30;tributary gosh mainstream
